CREUERS MARE NOSTRUM- S.L.,creuers@creuers-marenostrum.com
CRIADO CRIADO JOSE LUIS,ecubus@vodafone.es
CRIS MARI,josecrismari@hotmail.com
CRISAMI,hotelsolsonacentre@yahoo.es
CRISTECA- S.A.,h10.delfin.park@h10.es
CROSS MARKET- S.L.,info@clubrural.com
CRUCEROS FLUVIALES,info@crucerosfluviales.es
CRUCEROS VIAJARATOPE,arminstraub@gmail.com
CUADRAS ZAMORANO,zamorano@webtenerife.com
CUANTO VIAJE,info@cuantoviaje.com
CUATRO CAMINOS,informacion@hotelcuatrocaminos.com
CUATROS TENEDORES-CATERING,cuatrotenedores@hotmail.com
CUDILLERO TURISMO PROMOCIONES TURISTICAS- S.A.,turismo@cudillero.org
CUENCAVENTURA,cuencaventura@cuencaventura.com
CUEVA AHUMADA,info@cuevaahumada.com
CUEVA LOS MAJUELOS SALONES DE CELEBRACIONES,juanruiz@restaurantecuevalosmajuelos.es
CUEVAS ABUELO VENTURA,informacion@cuevasabueloventura.com
CUEVAS DEL DRACH- S.A.,cuevasdrach@portocristo.com
CUEVAS DEL TORREON,cuevastorreon@yahoo.es
CUEVAS DELS HAMS,info@cuevas-hams.com
CUEVAS LA GRANJA,cuevas@granada.net
CUEVAS OLMOS,info@cuevasolmos.com
CUEVAS PEDRO ANTONIO DE ALARCON,cavehotel@hotmail.com
CUGOL RESTAURACIO,info@cugol.com
CUINA GESTIO- S.L.,cuinagestio@cuinagestio.com
CULINARY SPAIN TOURS- S.L.,info@culinaryspain.com
CULTURA ACTIVA VIATGES- S.L.,anima@btlink.net
CULTURA AFRICANA Y VIAJES- S.L.,casa@culturafricana.com
CULTURAL&HUMAN BUSINESS- S.L.,disco@carpediem.es
CUM LAUDE VIATGES- S.L.,info@viajescumlaude.com
CUMBRES BORRASCOSAS,info@cumbresborrascosas.net
CUNITOURS VIATGES- S.L.,cunitours@cunitours.com
CUÑAUTO RENT A CAR,cunauto@cunauto.es
CUSPIDE,tienda@cuspide.net
CUTRE WINDSURFING- S.L.,mail@cutre.com
CV CALA MONTJOI,montjoi@montjoi.com
CWT CARLSON WAGONLIT TRAVEL- S.A.,info@carlsonwagonlit.es
CWT VIAJES DE EMPRESA- S.A.U.,j.chacon@cwt.es
CWT VIAJES DE EMPRESA- S.A.U.,colomerbcn@cwt.es
CWT VIAJES DE EMPRESA- S.A.U.,colomerbcn@cwt.es
CWT VIAJES DE EMPRESA- S.A.U.,j.botana@cwt.es
CWT VIAJES DE EMPRESA- S.A.U.,info@cwt.es
CWT VIAJES DE EMPRESA- S.A.U.,bureauveritasmad@cwt.es
CWT VIAJES DE EMPRESA- S.A.U.,camalc@cwt.es
CWT VIAJES DE EMPRESA- S.A.U.,a.pastor@cwt.es
CWT VIAJES DE EMPRESA- S.A.U.,m.franco@cwt.es
CWT VIAJES DE EMPRESA- S.A.U.,alcorcusibcn@cwt.es
CWT VIAJES DE EMPRESA- S.A.U.,dogibcn@cwt.es
CWT VIAJES DE EMPRESA- S.A.U.,fagoreas@cwt.es
CWT VIAJES DE EMPRESA- S.A.U.,diamondclusterbcn@cwt.es
CWT VIAJES DE EMPRESA- S.A.U.,ccrosas@cwt.es
CWT VIAJES DE EMPRESA- S.A.U.,j.l.martin@cwt.es
CWT VIAJES DE EMPRESA- S.A.U.,e.miralles@cwt.es
CWT VIAJES DE EMPRESA- S.A.U.,izarmjv@cwt.es
CWT VIAJES DE EMPRESA- S.A.U.,amgenbcn811@cwt.es
CWT VIAJES DE EMPRESA- S.A.U.,cwtbio.vacacional@cwt.es
CWT VIAJES DE EMPRESA- S.A.U.,feriamuestrasbio@cwt.es
CWT VIAJES DE EMPRESA- S.A.U.,defensamad@cwt.es
CWT VIAJES DE EMPRESA- S.A.U.,abbmad@cwt.es
CWT VIAJES DE EMPRESA- S.A.U.,altadismad@cwt.es
CWT VIAJES DE EMPRESA- S.A.U.,izarmad@cwt.es
CWT VIAJES DE EMPRESA- S.A.U.,csic@cwt.es
CWT VIAJES DE EMPRESA- S.A.U.,b.rosario@cwt.es
CWT VIAJES DE EMPRESA- S.A.U.,aholdlpa@cwt.es
CWT VIAJES DE EMPRESA- S.A.U.,fjbravo@cwt.es
CWT VIAJES DE EMPRESA- S.A.U.,biokitbcn@cwt.es
CWT VIAJES DE EMPRESA- S.A.U.,accenturemad836@cwt.es
CWT VIAJES DE EMPRESA- S.A.U.,electroluxmad@cwt.es
CWT VIAJES DE EMPRESA- S.A.U.,alcatemadl@cwt.es
CWT VIAJES DE EMPRESA- S.A.U.,g.fuster@cwt.es
CWT VIAJES DE EMPRESA- S.A.U.,b.alli@cwt.es
CWT VIAJES DE EMPRESA- S.A.U.,btczamudio@cwt.es
CWT VIAJES DE EMPRESA- S.A.U.,btczaragoza@cwt.es
CWT VIAJES DE EMPRESA- S.A.U.,basegandolpa@cwt.es
CWT VIAJES DE EMPRESA- S.A.U.,e.mir@cwt.es
CWT VIAJES DE EMPRESA- S.A.U.,m.echarri@cwt.es
CWT VIAJES DE EMPRESA- S.A.U.,jm.librero@cwt.es
CYBER DRAKON- S.L.,drakonm1@hotmail.com
CYBERSIMAT,cybersimat@cybersimat.com
CYE SALOU,info@cyesalou.com
D´NIKKO BAR CERVECERIA,dnikkocafe@hotmail.com
DAIA VIATGES- S.L.,jordi@daia.es
DALTURA BUSINESS- S.L.,info@daltura.com
DALUA CATERING CONTEMPORANEO,catering@a-dalua.com
DANIYA DENIA SPA & BUSINESS,central.info@daniyahotels.es
DANNY CARS RENT A CAR,info@dannycars.com
DAVID RICO,apac41@hotmail.com
DAVIMA MOTORS- S.L.,info@davima.net
DE CASAS Y GONZALEZ- C.B.,roquetas.almeria@cafedeindias.com
DE HECHIZO,info@hotelesconhechizo.com
DE LA FUENTE BENEITEZ ROSARIO,info@casafilandon.com
DE NORTE A SUR,mayrepcb@gmail.com
DE VIAJE- S.A.,deviaje@deviaje.com
DEGUSTAM,mail@degustam.com
DEHESA BOLAÑOS,dehesabolanos@dehesabolanos.com
DEL CAMPO A LA PARRILLA- S.L. - ABRASADOR,julio.ramirez@abrasador.com
DEL REAL,delreal@arrakis.es
DEL VALS GOMEZ- C.B.,talavera@viajesecuador.net
DEL VERDE AL AMARILLO EN EL VALLE DEL PIRON,info@delverdealamarillo.com
DELCROIX ROBERT,zzjuan@hotmail.com
DELIA TOUR- S.L.,administracion@deliatours.com
DELICATERING,info@delicatering.es
DELICATESSEN & CAFE,agmdeli@hotmail.com
DELICATEZZE ITALIANE- S.L.,czolloc@hotmail.com
DELINAS IBERICA- S.L.,delinas@delinas.com
DELTAVENTUR- S.L.,deltaventur@deltaventur.com
DENCIA- S.A.,hotelaristos@gmail.com
DEPORTE A SU MEDIDA- S.L.,info@deporteasumedida.com
DEPORTUR VALL D'ARAN,deportur@arrakis.es
DEPORVENTURA- S.L.,deporaventura@airtel.net
DESARROLLO E INICIATIVAS SUBACUATICAS- S.L.,mail@buceosureste.com
DESAYUNOS CON ENCANTO,info@desayunosconencanto.com
DESBRULL,reservas@desbrull.com
DESCUBRIR SEVILLA,bettysamu@hotmail.com
DESERT ADVENTURE 4X4,desertadventure4x4@hotmail.com
DESERTIA TRAVEL,dunas@desertia.com
DESPEDIDAX,despedidax@hotmail.com
DESPROSA- S.A.,go@golfolivar.com
DESTINOS ASIATICOS FRONTIA,destinosasiaticos@frontia.com
DESTINOS MANCHEGOS,info@destinosmanchegos.com
DETRAMUNTANA.COM,proparapid@hotmail.com
DEVESA GARDENS,oficinas@devesagardens.com
DEXFRIO- C.B.,comercial@dexfrio.com
DEZASEIS- S.L.,correo@dezaseis.com
DIA LIBRE VIAJES,info@dialibre.com
DIAMANTE SUITES,reservas.diamantesuites@gema-hoteles.com
DIAS DE OCIO- S.A.,relax@diaslibres.es
DIAZ CORTES DAVID,rabefac10@hotmail.com
DICKMANNS RENT A CAR- S.L.,info@dickmannsrentacar.com
DIDAC- S.A.,calidad@benidormplaza.com
DIETRICH RESTAURANTE,info@restaurantedietrich.com
DIEZ FERNANDEZ JESUS ANTONIO,cyber@nexus-7.com
DIFERENT TRAVEL- S.L.,info@centraldereservas.net
DILOA,info@cateringdiloa.com
DIMEDINSA- S.L.,dimedinsa@dimedinsa.com
DINAMIZA ASESORES,info@dinamizaasesores.com
DINORAN- S.L.,takara_03@hotmail.com
DIPUTACIO PROVINCIAL DE BARCELONA,p.montnegre@diba.es
DIRECT CAR,directcar@directcar.es
DIRECTTRAVEL- S.L.,ventas@directtravel.es
DISC PORT- S.A.,mackintosh@telefonica.net
DISCO ALBAL 2004- S.L.,joyvalencia@joyvalencia.com
DISCOTECA A TOPE,discoatope02@hotmail.com
DISCOTECA CORMORAN,cormoran@cormoran.es
DISCOTECA FLORIDA 135,f135@f135.com
DISCOTECA GOLDEN´S,discotecasvalencia@yahoo.es
DISCOTECA KLIMT GALLERY,cubic.club@gmail.com
DISCOTECA KOMPLOT,komplot@adenet.es
DISCOTECA PACHA,info@pachalapineda.com
DISCOTECA PIPERS,delgadita_301@hotmail.com
DISCOTECA SEFOS,sefos.alcublas@telefonica.net
DISCOTECAS MOVILES MASTER,info@masterdiscomovil.com
DISCOTECAS MOVILES- S.A.,info@discotecasmoviles.net
DISPROAL,disproal@disproal.com
DISTRIBUIDORA MARTHE- S.A.,marthe@infonegocio.com
DISTRITO PAINTBALL,distritopaintball@hotmail.es
DIVE CENTER CORRALEJO- S.L.,buceodcc@encomix.es
DIVE CENTER ROBINSON,armin@bitel.es
DIVE COLLEGE LANZAROTE- S.L.,info@divecollegelanzarote.com
DIVE PARADIS- S.C.,diveparadis@wanadoo.es
DIVE TARPOON,divetarpoon@euskalnet.net
DIVER VIATGES- S.L.,meliana@diverviatges.com
DIVING CENTER LA SIRENA,info@lasierra.edu
DIVINUS,josean@divinuscatering.com
DK BILER RENT A CAR,dk-biler@callsoft.es
DM - HOTELES,hotelruraldm@hotmail.com
DNS TRAVEL,jromero@dnstravel.es
DOC 2001,doc2001@deporteyocio.com
DOLCE FARNIENTE- S.L.,secretaria@palia.es
DOLCE SITGES,info_sitges@dolce.com
DOLCE VITA,reservas@dolcevitacoslada.com
DOLPHIN & WHALES- S.L.,spirit@dolphin-whale.com
DOLPHIN-S BUCEO Y MAS,bucear@dolphinsdive.com
DOM,hoteldom@gmail.com
DOMENECH MONLLOR GUILLERMO,bennettsanjuan@hotmail.com
DOMENECH OJEDA ALEXIS,malecondelahavana@hotmail.com
DOMUS HOTELES,central@domus-hoteles.es
DOMUS-BARCINO,domusbarcino@hotmail.com
DON AGUSTIN,sequillo@wanadoo.es
DON CARPI,doncarpi@doncarpi.com
DON DIEGO,hoteldondiego@almagroturistico.com
DON FADRIQUE,donfadrique@donfadrique.net
DON IÑIGO DE ARAGON,info@doninigodearagon.com
DON JUAN,info@donjuanhotel.com
DON SALVATORE,donsalvatore@donsalvatore.com
DONCARS ALQUILER DE COCHES,info@doncars.com
DOÑA CARMEN CATERING,info@carmencatering.com
DOÑA MANUELA,info@hoteldemanuela.com
DOÑA PAKYTA,hotel@hotelpakyta.es
DOÑANA ECUESTRE- S.L.,info@donanaecuestre.com
DOÑANA EDUCA,info@donanaeduca.com
DOÑANA NATURE- S.L.,info@donana-nature.com
DOÑANATOUR,info@donana.com
DOÑANAVENTURA-ARACENAVENTURA- S.L.,aracenaventura@hotmail.com
DOPESO LUCAS VIAJES- S.L.,ontinyent@barceloviajes.com
DORSOL- S.A.,bali@medplaya.com
DOS 6 DOS,comercial@dos6dos.com
DOS GALLS,angelinaroca@hotmail.com
DOS HERMANAS,informacion@granhotellakua.com
DOS JOTAS,juanfrancisco2j@hotmail.com
DOS MARES BEACH HOTEL,info@dosmareshotel.com
DOS MIL ONCE RENT A CAR,dosmiloncerentacar@hotmail.com
DRAGON CAR HIRE- S.L.,info@dragoncars.com
DREAM HOTEL GRAN CASTILLO,dir.grancastillo@dreamplacehotels.com
DREAM PARK,info@apartamentosdreampark.com
DREAMPLACE HOTELS & RESORTS- S.L.,comercial@dreamplacehotels.com
DRIVER LIMOUSINE- S.L.,info@driverlimousine.com
DUENDE BAR,chuchiboada@hotmail.com
DUNAOASIS PALACE- S.A.,bruder@seaside-hotels.com
DUNAS DE DOÑANA,reservas@dunasdedonanagolfresort.com
DUNAS DON GREGORY,dongregori@hotelesdunas.com
DUQUESA PLAYA,duquesaplaya@telefonica.net
DYNAMIC TOURS,info@dynamic-tours.com
E.P. MARJAL- S.L.,paco@carmencambra.com
EAGLE RACING TEAM- S.L.,info@eagleracingteam.es
EAT OUT COSTA BLANCA,consultas@eatoutcostablanca.com
EATHING,be@eathing.es
EAT-IBIZA.COM,eat_ibiza@yahoo.co.uk
EBRODUERO DE HOSTELERIA- S.A.,reservas@hoteltudanca.com
ECIS- S.L.,ecis@ecis-dmc.com
ECOCAR- S.L.,info@ecocarfuerteventura.com
ECOTUR- TURISMO Y NATURALEZA- S.L.,ecotur@infonegocio.com
ECOTURISMO- S.L.,info@ecoturismosl.com
ECOYE CONSULTORES- S.L.,ecoye@ecoye.com
ECU-GUADALETE- S.L.,jerez@viajesecuador.net
EDAR ARQUITECTURA- S.L.,edar@infonegocio.com
EDEN HOTEL,hoteleden@hoteleden.com
EDEN ROC,edenroc@caproig.com
EDENIA OTROS VIAJES,otrosviajes@edeniaviajes.com
EDI RENT A CAR,correo@edirentacar.com
EDIFAR- VIAJES-EDUARDO FARRARONS AYERDE,info@unitedtours.net
EDIFICIO PLAZA DE LAS CORTES 10- S.A.,villareal@derbyhotels.es
EDUCATOURS,educatours@educatours.es
EGIDO HOTELES,pguardeno@egidohoteles.com
EHOSTEL,ehostel.admon@telefonica.net
EICA LA CUINA SENSE FRONTERES,info@cateringeica.com
EIRA STYLEHOTEL,direccion@eirahotel.com
EIRADO DO PINO,hoteleiradodopino_reservas@hotmail.com
EIZASA HOTELES,merche.albareda@eizasahoteles.com
EKOALFA 4- S.A.,travelmar@travelmar.com
EKOALFA-4- S.A.,costabrava@travelmar.com
EL ABERVERJAL- S.A.,info@hoteltorrelodones.com
EL ALBA,reservas@torreelalba.com
EL ALGAIRE,elalgaire@hotmail.com
EL ALMENDRAL,el-almendral@tugasa.com
EL ANCLA,mrelancla@hotmail.com
EL ANTIGUO,elantiguo@telecable.es
EL ARADO,mariajose@elarado.es
EL ARGAMON,emi@elargamon.com
EL ARTE DE VIAJAR- S.L.,artedeviajar@gmail.com
EL ARTE DE VIAJAR- S.L.,elartedeviajarv@infonegocio.com
EL BAIES,turismerural@elbaies.info
EL BALCON DE MUNIELLOS,info@balcondemuniellos.es
EL BALCON DE NIEVES,info@elbalcondelasnieves.es
EL BATAN DE LARA,elbatan@arrakis.es
EL BIGOTE MEXICANO,elbigotemexicano@hotmail.com
EL BODEGON,hostalelbodegon@gmail.com
EL BOSC,info@elbosc.com
EL BOSC DEL QUER,vrignasi@yahoo.es
EL BOSC VERTICAL,info@boscvertical.com
EL BOTERO,elbotero@elbotero.com
EL BRUGUER,b.enric@yahoo.es
EL BUHO CLUB,buhoclub@yahoo.es
EL BULLI CATERING,comercial@casinodemadrid.es
EL CABALLO ROJO- S.A.,elcaballorojo@elcaballorojo.com
EL CABAÑON,info@casaruralelcabanon.com
EL CABEZO,correo@elcabezo.com
EL CAFE DE LA PENI,info@situat.com
EL CALAMBUCO,calambuco@calambuco.com
EL CALEUCHE,elcaleuche@hotmail.es
EL CAMINO REAL,info@elcaminoreal.info
EL CAMP D'EN PLA,campdenpla@hotmail.com
EL CAMPANARIOOCIO Y TURISMO- S.L.,info@elcampanarionet.com
EL CAPISTRANO VILLAGES,info@elcapistrano.com
EL CARBAYON SERVICIOS DE RESTAURACION- S.L.,bkparqueprincipado@olapymes.com
EL CARRASCAL,hotel@complejoelcarrascal.com
EL CASERIO,caserio@caserio.com
EL CASERON,elcaseron@elcaseron.net
EL CASERON DE ARACELI- S.L.,caseron@grupoaraceli.es
EL CASON DE LA VEGA,info@elcasondelavega.com
EL CASON DEL HIDALGO GALAN,hidalgogalan@wanadoo.es
EL CASTEJON DE LUZAGA,elcastejondeluzaga@elcastejondeluzaga.com
EL CASTELL DE LA CIUTAT,elcastell@hotelelcastell.com
EL CASTELLET,restaurant@elcastellet.com
EL CASTILLO DE MAXI,reservas@elcastillodemaxi.com
EL CATERING DE COCIBAR,cocibar@hotmail.com
EL CATERING FRANCES,jerome@elcateringfrances.com
EL CELLER D´EN SADURNI,info@montaudesadurni.com
EL CELLER DE CAN SERRA,info@elcellerdecanserra.com
EL CELLER MAS ORPI,egiralt@masorpi.com
EL CENADOR,elcenador@josmaga.com
EL CENADOR DE SALVADOR,cenador@infonegocio.com
EL CEREZUELO,alojamientoselcerezuelo@yahoo.es
EL CERRO DE MIRAFLORES,rfm103@hotmail.com
EL CHAPARRAL CLUB DE GOLF,reservas@golfelchaparral.com
EL CHAPARRITO,chaparrito.57@hotmail.com
EL CHORRO,elchorro@tursegovia.com
EL CIGARRAL DE LAS MERCEDES,info@cigarraldelasmercedes.com
EL CIM,info@elcim.es
EL CINCO BOLAS,info@elcincobolas.com
EL COBERT DE CAL BERNOI,info@calbernoi.com
EL COBERT DE VILAFORMIU,info@vilaformiu.com
EL COLLADO DE LAS LOBAS,elcolladodelaslobas@hotmail.com
EL COLLAO DE LA SECA,laseca_1@hotmail.com
EL COLOSO- S.L.,reservas@hotelcoloso.com
EL CONSERJE,info@elconserje.es
EL CONVENTO DE CARMEN,info@lacococha.com
EL CORDOBES SALONES,info@restauranteelcordobes.com
EL CORTIJO CLUB DE CAMPO,clubcampo@elcortijo.es
EL CORTIJO DE MIAJADAS- S.L.,hotel@elcortijohr.es
EL COTO,elcotodetobarra@hotmail.com
EL DIEZ BAR - BAR DE COPAS,eldiezbartorre@gmail.com
EL DIVINO,info@eldivino-ibiza.com
EL EMIGRANTE,hotelelemigrante@hotmail.com
EL ENCANTO DE MIRAFLORES,elencanto@elencantodemiraflores.com
EL ENCANTO DEL VALLE DEL LOZOYA,elencantodelvalle@gmail.com
EL ENCINAR,info@elencinardearta.com
EL ESTIAL,lvillacorta@viajestucan.net
EL FAISAN DE ORO,elfaisandeoro@hotmail.com
EL FIGON DE LA VILLA,elfigondelavilla@gmail.com
EL FIGON DE PABLO,pablo_cheff@yahoo.es
EL FOGON DE ALCORCON,fogon_421@msn.com
EL FOLLO,mercebrunes@elfollo.com
EL FONTANO ALOJAMIENTOS RURALES,fontano@elfontano.com
EL FORCAT,asefel@hotmail.com
EL FORN DE CAL PRAT,info@calprat.net
EL GALLO LUSO,anapaula888@yahoo.es
EL GINJOLER,elginjoler@elginjoler.com
EL GRAU,info@elgrau.com
EL GÜELL,almogavers@infonegocio.com
EL HOGAR DE TRAMAYA,olivardetramaya@hotmail.com
EL HOGAR GALLEGO CALELLA,info@elhogargallego.com
EL HORNO ASADOR SIDRERIA,el-horno@hotmail.com
EL HORNO DE CASA ARILLA,inmaroyo79@hotmail.com
EL HORNO DE ELADIA,hornoeladia@hotmail.com
EL HOTEL JACOBEO,hoteljacobeo@hoteljacobeo.com
EL HOTEL/HOTEL PACHA,elhotel@pacha.com
EL HUERTO DEL ABUELO,info@elhuertodelabuelo.com
EL JABALI BLANCO,info@eljabaliblanco.com
EL JAÇ,info@grupturistic.com
EL JARDI DE CALDERS,info@masfrenca.com
EL JARDI DE FONTPINEDA,info@jardifontpineda.com
EL JARDI-BORDA REQUENA,mirpallares@gmail.com
EL JARDIN DE CARREJO,info@eljardindecarrejo.com
EL JARDIN DE LA ABADIA,javier@jardindelaabadia.com
EL JARDIN VERTICAL,casarural@eljardinvertical.com
EL JUFRE,eljufre@gmail.com
EL JUNCAL,info@casaeljuncal.com
EL LAGO,ellago@ellago.com
EL LAUREL CATERING,el.laurel@laurelcatering.com
EL LAVADERO,ellavadero@el-lavadero.com
EL LINAJE DE LOS CINCOSOMBREROS,evalume@gmail.com
EL LLAGAR,comercial@naveda.com
EL LLANO DE LAS MARAVILLAS,direccion@elllanodelasmaravillas.com
EL LLANON DE SAN ROMAN,info@llanon.com
EL LOFT DEL GOURMET,loft.gourmet@hotmail.com
EL MANJAR DE TALAMANCA- S.L.,info@elmanjardetalamanca.com
EL MAS DE TOUS,elmasdetous@hotmail.com
EL MAS DE VILALLEONS,info@elmasdevilalleons.com
EL MAS DE VILALLEONS 2,mercepampliega@hotmail.com
EL MAS GROC,info@elmasgroc.com
EL MESON,info@portalsalamanca.com
EL MEXICO DE MARIA,elmexicodemaria@hotmail.com
EL MIRADOR DE LA CODE,info@elmiradordelacode.com
EL MIRADOR DE LETUR,casas_el_mirador@yahoo.es
EL MIRADOR DE SANTA CRUZ,contacto@elmiradordesantacruz.com
EL MIRADOR DEL ALBERCHE I- II- III,gredosrural@yahoo.es
EL MIRADOR DEL BOSQUERO,info@elbosquero.com
EL MIRGOLER,elmirgoler@gmail.com
EL MIRLO BLANCO,info@el-mirlo-blanco.com
EL MOLI DE CAL PASTISSER,miquelalberti@beroni.com
EL MOLI DE CANELLAS,info@casacanellas.com
EL MOLI DE LA SELVA,restaurant@elmolidelaselva.com
EL MOLI DE L'ARMENTERA,info@elmolidelarmentera.com
EL MOLI DE MUNTANYA,info@cunovesa.com
EL MOLI D'EN SOLA-LES MOLES,montserrat@molidensola.com
EL MOLI TOURS- S.C.,info@elmolitours.com
EL MOLINET DEL GOVERNADOR,info@elmolinet.com
EL MOLINO DEL GATO,elgato@arrakis.es
EL MOLINO DEL PEPE,reservas@elmolinodelpepe.com
EL MOLINO DEL SERIO,mdelserio@molinodelserio.com
EL MONTANYA RESORT & SPA,reservas@elmontanya.com
EL MORTER- ESPAI CELEBRATIONS,celebracions@elmorter.com
EL MOYAU,canoaselmoyau@hotmail.com
EL MUNDO DE BABALOO,babaloo@hotmail.com
EL NAUTICO,elnautico@elnautico.net
EL NAVARON,info@elnavaron.com
EL NOSTRE CANTIR,jesusiangela@gmail.com
EL O.A.L. PARA LA PROMO Y DESARROLLO DE ANTEQUERA,oficina.turismo@antequera.es
EL OBRADOR DEL CAFE DE ORIENTE,catering@grupolezama.es
EL OCEANO,info@oceano-tenerife.com
EL OLMO,info@casaruralelolmo.com
EL PAJAR DE PEDRAZA,victor71aguerri@hotmail.com
EL PALAU RESTAURANT,info@elpalau.es
EL PALLER DE CA L'ANTONET,info@agro-turisme.com
EL PALLER DE CAL GATNAU,calgatnau@yahoo.es
EL PALLER DE CAL GUILLO,yetimanaleix@hotmail.com
EL PALLER DE CAN RIBES,elpaller@elpaller.cat
EL PALLER DE L'ALBERA,elpaller@yahoo.es
EL PALMAR 68- S.L.,elpalmar68@telefonica.net
EL PARADOR DE BOHONAL DE IBOR,isabelmalonda@yahoo.es
EL PARATGE,info@elparatge.com
EL PARQUE,hostalelparque@gmail.com
EL PATI DE CAL ROMA,calroma5@hotmail.com
EL PATI DE CAL ROMA ,calroma@hotmail.com
EL PATIO,cateringelpatio@hotmail.com
EL PATIO ANDALUZ,reserve@gargallo-hotels.com
EL PATIO DE LOS NARANJOS,udo@cerrillares.com
EL PATIO DE LUCIA,elpatiodelucia@gmail.com
EL PATIO DE TITA,info@fincaelpatio.com
EL PATIO SEVILLANO,elpatiosevillano@elpatiosevillano.com
EL PEDERNIZ,fouadhc@hotmail.com
EL PENDOLERP,contacto@pendolero.com
EL PEÑON DE PEÑISCOLA 1982- S.L.,fotosil32@hotmail.com
EL PEREGRINO,peregrino@relaischateaux.com
EL PERENQUEN,mariamarblasco@yahoo.es
EL PETISU,adgavira@elpetisu.com
EL PLANETA DE LOS NIÑOS,chuscemi@hotmail.com
EL PLANETA ESCONDIDO,reservas@elplanetaescondido.com
EL POBLET DE ATALAYAS,restauradores@hotmail.com
EL POLLO LOCO,info@polloco.com
EL PONT,campingelpont@campingsonline.com
EL PONT DE CABANES- S.L.,elracodenavarrete@gmail.com
EL PORTAL,aldo_lu@hotmail.com
EL PORXO,info@elporxo.com
EL PORXO DE LA CREU,elporxodelacreu@yahoo.es
EL POU COLOM,elpoucolom@yahoo.es
EL POZO,hostalelpozo@hostalelpozo.com
EL PRAT DE CASTELLAR DE LA MUNTANYA,jcanadell@hotmail.com
EL PUCHERO DE PLATA,elpucherodeplata@elpucherodeplata.com
EL QUEJIGO,info@elencinardelaparra.com
EL QUESO- S.L.,info@restaurantelqueso.com
EL QUIJOTE Y LOS MOLINOS- S.L.,info@restaurantedonquijote.com
EL RACO DE CAN FABES- S.L.,canfabes@canfabes.com
EL RACO DE LES GRASES,elracodelesgrases@telefonica.net
EL RACO DE MAR,info@campingelracodemar.com
EL RACO DEL BON GUST,elracodelbongust@gmail.com
EL RACO D'EN FREIXA,info@elracodenfreixa.com
EL RANCHO DE LA ALDEGÜELA,info@el-rancho.com
EL RANTINER,info@hotelelrantiner.com
EL REBOST SCP,info@elrebost.com
EL REFUGIO DE CRISTAL,elrefugiodecristal@yahoo.es
EL REFUGIO DE TANOS,restauranteelrefugio@restauranteelrefugio.com
EL REINO GOLF,recepcion_golf@elreino.com
EL REIXAC,elreixac@elreixac.com
EL REY ARTURO,manuel-y-elena@hotmail.com
EL REY DE LA GAMBA- S.A.,reservasBar1@elreydelagamba.com
EL RINCON DE CASTRO,info@hotelrincondecastro.com
EL RINCON DE ENRIQUE,rinconenrique@gmail.com
EL RINCON DE LA MEDIA LUNA,casarural@elrincondelamedialuna.es
EL RINCON DE LA SIERRA,reservas@elrincondelasierra.com
EL RINCON DE LOS FARALDOS,casarural@elrincondelosfaraldos.com
EL RINCON DE LOS SENTIDOS- C.B.,info@xocoa-bcn.com
EL RINCON DE MIGUEL ANGEL,elrincondemiguelangel@yahoo.es
EL RINCON DEL CASTILLO,cardenal.esther@gmail.com
EL RINCON DEL CONDE,hotelrincondelconde@hotelrincondelconde.es
EL RINCON DEL VINO,info@rinconesdelvino.com
EL ROURELL,info@elrourell.com
EL SALAT - CASA RURAL,info@elsalat.es
EL SALERO,info@ruralelsalero.com
EL SECANET CASA RURAL,info@elsecanet.com
EL SEGALAS,info@maselsegalas.com
EL SIBARITA,rocio@elsibarita.com
EL SIBARITA SERVICIOS A DOMICILIO- S.L.,info@elsibarita.com
EL SITIO DE CONSTANZANA S.L.N.E.,elsitiodeconstanzana@gmail.com
EL SOLSONES,info@campingsolsones.com
EL TABLAO DE CARMEN,info@tablaodecarmen.com
EL TEIXELL,info@elteixell.com
EL TEJO,eltejoyeste@yahoo.es
EL TEMPLE,mediterraneas@hotmail.com
EL TEMPLO DEL SOL,info@eltemplodelsol.com
EL TENADO,birds@eltenado.com
EL TOLLO-HOTEL RESTAURANTE,info@hoteltollo.com
EL TORO Y LA LUNA,reservas@eltoroylaluna.com
EL TORREON DE LA MIRANDA- S.L.,eltorreon@live.com
EL TOSSAL,info@finca-el-tossal.com
EL TRABUC,eltrabuc@eltrabuc.com
EL TROVADOR,hreltrovador@msn.com
EL TRULL D'EN FRANCESC,contact@trull-boadella.com
EL TUNEL DEL PORT,eltunel@eltuneldelport.com
EL TURO DEL SOL,info@turodelsol.com
EL TURROS,info@elturros.com
EL VALLEJO II,vallejo@ascarioja.es
EL VEDADO,vedado@campingsonline.com
EL VERDI,pinarodriguez@hotmail.com
EL VIEJO ALMACEN DE BUENOS AIRES,clientes@elviejoalmacen.com
EL VIEJO CANDIL,el-viejo-candil@hotmail.com
EL VIENTO DEL OCEJON,info@alvientodelocejon.com
EL VILLARO DE  LA TORRE,gerardokumerz@yahoo.es
EL XOCOLATER,calxocolater@hotmail.com
EL ZAGUAN,zaguan@el-zaguan.com
ELEGANCE VALENCIA TAXI- S.L.,info@elegancevalenciataxi.com
ELITE- S.A.,malgrat@viatgeselite.com
ELS 5 SENTITS CATERING,els5sentits@telefonica.net
ELS CANTERERS,info@elscanterers.com
ELS CUCONS,info@elscucons.com
ELS CUPS,kikodemanlleu@hotmail.com
ELS GRANERS DE PARACOLLS,paracollsm@telefonica.net
ELS MARELLS- S.A.,info@hoteltresanclas.com
ELS MARSALS,elsmarsals@oninet.es
ELS PA MPOLS,info@elspampols.net
ELS PINS,campingelspins@telefonica.net
ELS PLANS DE CORNET,elsplans@yahoo.es
ELS ROURES ESPINALBET- S.L.,els_roures@hotmail.com
ELS SENTITS BRASERIA,elssentitsbraseria@hotmail.es
ELVITEX,lorena_loel@hotmail.com
EMBASSY,clientes@embassy.es
EMPORDA,info@campingemporda.com
EMPORDA GOLF CLUB,info@empordagolf.com
EMPRESA,info@balneario.org
EMPRESA ANDALUZA DE GESTION DE INSTALACIONES,informacion.itj@juntadeandalucia.es
EMPRESA PUBLICA DE TURISMO ANDALUZ- S.A.,promocion@andalucia.org
EMPRESA PUBLICA DE TURISMO ANDALUZ- S.A.,pisa@andalucia.org
EMPRESAS SAIZ Y VELASCO- S.L.U.,talavera@barceloviajes.com
EMSM- S.L.,zaragoza@elcaballo.com
EN GRANDE- S.L.,engrande.info@engrande.com
EN ORIGEN PRODUCTOS SELECIONADOS- S.L.,enorigen@enorigen.com
EN RUTA VIAJES Y AVENTURA- S.L.,enruta@ran.es
EN RUTA- S.L.,enruta@en-ruta.net
ENBUTEGI BASERRIA,enbutegi@hotmail.com
ENGUIDANOS,info@enguidanos.es
ENJOY TRAVEL- S.A.,inca@plantour.es
ENJOYBARCELONA,apf@enjoybarcelona.net
ENNA TOURS- S.A.,ennatours@ennatours.com
ENPANES,coyote@enpanes.com
ENTRELLACS,bondad.pardo@hotmail.com
ENTRENUVOLS- S.L.,info@entrenuvols.com
EQUIBERIA,equiberia@equiberia.com
EQUIPAMIENTOS DEPORTIVOS Y DE OCIO- S.A.,dreams@palaciodehielo.com
EQUISEMA- S.A.,equisema@yahoo.es
EQUITACION MARIOLA,alborets@yahoo.es
EQUUS RIDING SHOP- S.L.,equusriding@eresmas.com
ERA DE CAL FALILLO,info@eradecalfalillo.com
ERA DE PARRAMON 2,info@casaparramon.net
EREAGA CATERING,jbilbao@ereagacatering.com
ERMITA DE SANTA LLUCIA,santalluciadetonya@gmail.com
EROS- S.A.,exagonpark@telefonica.net
EROSCAND CAR- S.L.,reservacion@robertocar.com
ES BALUARD,es_baluard@hotmail.com
ES GUIX,esguix@esguix.com
ES RAFAL ROIG,es-rafal-roig@todoesp.es
ES VEDRA RENT A CAR- S.L.L.,esvedrarentacar@hotmail.com
ES VENTALL,kigan21@yahoo.es
ESCALASOL,domossl@telefonica.net
ESCAMILLA MANZANO VIOLETA,virtualtravel20@hotmail.com
ESCAPADE SIA- S.L.,info@escapade.es
ESCATRI- S.A.,info@derbyhotels.es
ESCLARSOL- S.L.,antemare@antemare.com
ESCOLA D'EQUITACIO SON MENUT,sonmenut@sonmenut.com
ESCUELA ASTURIANA DE PIRAGÜISMO,eap@piraguismo.com
ESCUELA DE BUCEO BAHIA MADRID- S.A.,info@bahiamadrid.es
ESCUELA DE BUCEO K-SUB,ksub@ksub.net
ESCUELA DE BUCEO SCORPORA- S.L.,scorpora_albir@hotmail.com
ESCUELA DE EQUITACION AL-ANDALUS- S.L.,regla@equitacionalandalus.com
ESCUELA DE ESQUI DE ASTUN S. C. V.,escuela@evastun.com
ESCUELA DE ESQUI DE CANDANCHU,escueladeesqui@candanchu.com
ESCUELA DE ESQUI SOLYNIEVE- S.L.,eoe@eoe.es
ESCUELA DE HOSTELERIA HOFMANN- S.L.,hofmann@hofmann-bcn.com
ESCUELA DE KITESURF PROFESIONAL TARIFA KITESUR COM,info@kitesur.com
ESCUELA DE PARAPENTE Y PARAMOTOR LIJAR SUR,lijarsur@lijarsur.com
ESCUELA DE VELA SOCAIRE,socaire@socaire.com
ESCUELA ESPECTACULOS EL CARTUJANO- S.L.,silsade@hotmail.com
ESCUELA HIPICA VILLA JULIA,fernandoosborne@hotmail.com
ESCUELA INTERNACIONAL DE ESQUI- S.L.,mail@eie.es
ESENDE EUROPA- S.L.,edu@chicstays.com
ESGUIASONLINE,direccion@esguiasonline.com
ESMERALDA 10- S.A.,esmeralda@medplaya.com
ESOBUR- S.L.,correo@esobur.com
ESPACAR 95- S.L.,estepona@espacar-rentacar.com
ESPACIO ACCION,informacion@espacioaccion.com
ESPACIOS RURALES FUENTE DE PIEDRA- S.L.,info@camping-rural.com
ESPAHOTEL GRAN VIA- APARTAMENTOS,granvia@espahotel.es
ESPERANZA VILANOVAS.L.,info@mooncoruna.com
ESPINOSO RURAL,info@espinoso.org
ESPIRAL ESPACES,isabel@espiralspaces.com
ESPLUGAS MUNNE MARIA TERESA,zappunka@hotmail.com
ESPORT ACTIU,esportactiu@esportactiu.com
ESPORT VERD,esportverd@esportverd.com
ESQUIA- S.A.,info@hoteltucblanc.com
ESTABLECIMIENTOS HOSTELEROS- S.A.,triton@besthotels.es
ESTACION D`ESQUI MASELLA,masella@masella.com
ESTACION DE ESQUI LA MOLINA,lamolina@lamolina.com
ESTACION DE MONTAÑA VALL DE NURIA,valldenuria@valldenuria.com
ESTACION INVERNAL VALLE DE ASTUN- S.A.,astun@astun.com
ESTACION NAUTICA MAR MENOR,con-marmenor@forodigital.es
ESTANCIAS LINGÃŒISTICAS- S.L.,info@galainternacional.com
ESTANCO MONCHO,monchoblanco@hotmail.com
ESTANYET,info@estanyet.com
ESTERAS DE MEDINACELI,viaeuropa141@hotmail.com
ESTHER CONDE,info@estherconde.com
ESTIVAL CLUB,orriols@estivalpark.es
ESTOCOLMO- S.L.,Ruben.Ubeira@dn.se
ESTUAPARTAMENTO,dep.comercial@estuapartamento.es
ETERNA,info@restauranteeterna.com
ETXALDE,casaetxalde@gmail.com
EUBA HOTEL,info@eubahotel.com
EUREKA TOURS- S.A.,eurekatours@eurekatours.com
EUREST COLECTIVIDADES- S.L.,mfelguera@eurest-colectividades.com
EURO CATERING,info@euro-catering.net
EURO NOW- S.L.,comercial@paradis.es
EUROANDINO,ventas@euroandino.cl
EUROBRAVO RENT A CAR- S.L.,reservas@autosbravo.es
EUROBUSINESS VIAJES- S.L.,info@eurobusiness-viajes.com
EURO-CAMPING,info@eurocamping-es.com
EUROHISPAN- S.A.,hotel@granatlanta.com
EUROLIMOS ESPAÑA- S.L.,info@drivania.com
EUROMAR ALLOTJAMENTS TURISTICS,reservas@salleshotels.com
EUROMOTIVATION- S.A.,euromota@euromotivation.es
EUROP ASSISTANCE TRAVEL- S.A.,eatravel@europ-assistance.es
EUROPA MULTIVIAJES- S.L.,madrid@multiviajes.org
EUROPA MUNDO VACACIONES,info@europamundo.com
EUROPA RENT A CAR- S.L.,info@goldcar.es
EUROPA TRAVEL- S.A.,informacion@europatravel.es
EUROPCAR,es_customerservice@europcar.com
EUROPE PARK CLUB,pce@europe-hotels.org
EUROPEA DE SEGUROS,barcelona@europeadeseguros.com
EUROPGUIDE- S.L.,europguide@nauta.es
EUROSPAN TRAVEL AGENT- S.L.,mcano@destinochina.com
EUROSTARS CIUDAD DE LA CORUÑA,reservas@eurostarsciudaddelacoruna.com
EUROSTARS DESTINATION SERVICES,comunicacion@eurostarshotels.com
EUROSTARS GRAN MADRID,reservas@eurostarsgranmadrid.com
EUROSTARS LAS ADELFAS,info@eurostarshotels.com
EUROSUITES- S.A.,info@eurobuilding2.es
EUROSUN VIAJES- S.A.,fv_net@hotmail.com
EUROTEL GOLF PUNTA ROTJA,eurotel@hipotels.com
EUROTRANSAC- S.L.,eurotransac@digitel.es
EUROVACANCES,alex@eurovacances.net
EUROVIAJES,euroviajesibersa@telefonica.net
EUROVIAJES SIGLO XXI- S.L.,htopcu@destinoturquia.com
EUROWILCOM- S.A.,hgv@hotelgranversalles.es
EUSKAL LUNCH,euskal_lunch@hotmail.com
EUSKALCAR,euskalcar@euskalnet.net
EV PAMIES MONGAY- S.L.,eulalia@eurovacances.net
EVASIO SALOU VIATGES- S.L.,info@viatgesevasio.com
EVASION RAFTING. GRUPO EXPLORA,evasion@grupoexplora.com
EVERY TIME,josevt46@hotmail.com
EXCATERING,contacta@excatering.com
EXCLUSIVAS VIADAS- S.L.,excviadas@telefonica.net
EXCM. AJUNTAMENT DE BENICARLO,sbayarri383v@cv.gva.es
EXCM. AJUNTAMENT DE BENISSA,turismo@benissa.net
EXCM. AJUNTAMENT DE NULES,nules_sal@gva.es
EXCM. AJUNTAMENT DE POLOP DE LA MARINA,ayuntamiento@polop.org
EXCURSIONS GANDIA- S.L.,info@gandiatravel.com
EXCURSIONS GANDIA- S.L.,denia@gandiatravel.com
EXPEDIA,diegol@expedia.com
EXPEDICIONES,canyoning@expediciones-sc.es
EXPEDICIONES CULTURALES AL-MINAR,alminarcultural@arrakis.es
EXPLORACCION DE VIAJES Y AVENTURAS,info@exploraccion.com
EXPLORAMAS EVENTOS Y AVENTURAS,info@exploramas.com
EXPLORER VIAJES Y AVENTURA- S.L.,explorerviajes@juniper.es
EXPLOTACION HOTELERA EXPO- S.A.,tcreservas@expogrupo.com
EXPLOTACION HOTELERA PARQUE ALBATROS- S.A.,secretaria@parquealbatros.com
EXPLOTACIONES HOTELERAS ES MOLI- S.A.,reservas@esmoli.com
EXPLOTACIONES TESAN- S.L.,maseilo@seijas.com
EXPLOTACIONES TURISTICAS COSTA DORADA- S.A.,direccio@hoteljaimeprimero.com
EXPLOTACIONES TURISTICAS GADITANAS- S.A.,central@partner-hotels.com
EXPLOTACIONES TURISTICAS LAS CANTERAS- S.A.,brisamarcanteras@telefonica.net
EXPLOTACIONES TURISTICAS PALACIO DE SORRIBAS,caseriassorribas@fade.es
EXPLOTACIONES TURISTICAS SAN FERMIN- S.A.,comercial@hotelalay.com
EXPLOTACIONS TURISTIQUES DE LES ILLES- S.L.,central@hotelsviva.com
EXPO HOTEL,comercialval@expogrupo.com
EXPO HOTEL BARCELONA,jgonzalez@expogrupo.com
EXPO HOTEL VALENCIA,ehvreservas@expogrupo.com
EXPOMOVIL VINAROS- S.L.,expomovilvinaros@arrakis.es
EXPRESS BY HOLIDAY INN  CIUDAD LAS CIENCIAS,recepcion@expresshivalencia.com
EXTRETOURS VIAJES- S.L.,jerezstar@extretours.com
FABASA- S.L.,gobaga@hotmail.com
FABRIL AUTO,info@zubiletaauto.com
FACTORY,factoryeventos@encaren.com
FACULTAT DE CIENCIES ECONOMIQUES I EMPRESARIALS,secretaria.eco@ub.edu
FAGACA- S.A.,reservas@hotelesgarbi.com
FAINE 2,info@canfaine.com
FAMILIY MOON- S.L.,lunafamily@hotmail.com
FAN CAR RENTAL- S.L.,info@rentacarflorida.com
FANALS GARDEN CENTER HOTEL,fenalsgarden@telefonica.net
FANG AVENTURA,info@fangaventura.com
FARDIVE - ESCUELA DE BUCEO,fardive@fardive.es
FARGGI,ricardopinheirol@hotmail.com
FASTER CATERING LEZARZE- S.L.,reservas@fastercatering.com
FAUNIA,faunia@faunia.es
FEDERACION ANDALUZA DE POLO,admin@fapolo.org
FEDERACION DE PIRAGÜISMO DE LA COM. VCNA,fpcv@fepiraguismocv.com
FEDERACION HIPICA TERRITORIAL VALENCIANA,fhcv@fhcv.org
FELIX HOTEL RESIDENCIA- S.L.,hotel@felixhotel.net
FELYCAR CANARIAS- S.L.,felycar@felycar.es
FERGONZA- S.A.,info@broncemar.com
FERNANDEZ GIL DIVINA,casagrandelaalmuina@casagrandelaalmuina.com
FERNANDEZ GONZALEZ JOSE MARIA,boadilla@viajesecuador.net
FERNANDO,bodas@el-asturiano.com
FERRERO,charo_rguez@yahoo.es
FERRI TOURS,info@ferritours.com
FERROL HOTELES- S.L.,hotelsuizo@telefonica.net
FIDETOA- S.L.,gelatsaquilino@hotmail.com
FIESTA CANARIAS- S.A.,callcenter@fiestahotelgroup.com
FIESTA CLUB PLAYA D'EN BOSSA,pbossa@fiestahotelgroup.com
FIESTA GRAN HOTEL COLON,acliente@fiestahotelgroup.com
FIESTA HOTELS & RESORTS,marketing2@fiestahotelgroup.com
FIESTA HOTELS & RESORTS- S.L.,acliente@ayrehoteles.com
FIESTA SOL CATERING,fiestasolspain@yahoo.com
FIESTAS COSTA DEL SOL,info@fiestascostadelsol.com
FINCA "EL VAQUERIL",elvaqueril@elvaqueril.com
FINCA A COUTADA,fincacoutada@gmail.com
FINCA ALBELLONS HOTEL DE INTERIOR RESTAURANTE,finca@albellons.com
FINCA ARROYO,info@arroyolajara.com
FINCA BUENVINO,buenvino@facilnet.es
FINCA CA´N BENEÏT,info@canbeneit.com
FINCA CANTURIAS,info@canturias.com
FINCA CA'S XORC,stay@casxorc.com
FINCA COMPLEJO EL VIVERO,info@fincaelvivero.com
FINCA CORTESIN GOLF CLUB,info@golfcortesin.es
FINCA DE AGROTURISMO SES ARENES,agroturismo@sesarenes.com
FINCA EL ABUELO,info@fincaelabuelo.com
FINCA EL ALJIBE,info@fincaelaljibe.com
FINCA EL CARRETON,fincaelcarreton@hotmail.com
FINCA EL ROMERAL,info@fincaelromeral.com
FINCA EL ROMERO,casarural@fincaelromero.com
FINCA EL TOMILLAR,eltomillar@fincaeltomillar.com
FINCA ESLAVA,info@fincaeslava.com
FINCA FANGAR,info@fangar.com
FINCA FONTANALS,info@fincafontanals.com
FINCA GARIMBA,info@fincagarimba.com
FINCA GOIKOMENDI,goiko_mendi@yahoo.es
FINCA ISLA MINIMA,islaminima@islaminima.com
FINCA LA CASERIA,casarural@lacaseria.net
FINCA LA CONCEPCION,info@fincalaconcepcion.com
FINCA LA INSULA BARATARIA,fincalainsula@yahoo.es
FINCA LA JARA,fincalajara@fincalajara.com
FINCA LA PERALEÑA,info@fincalaperalena.com
FINCA LA REUNIDA,lareunida@lareunida.com
FINCA LA SILLADILLA,info@silladilla.com
FINCA LA UMBRIA,info@casaruralumbria.com
FINCA LEBREL,info@fincalebrel.com
FINCA LIARTE,info@fincaliarte.com
FINCA LOS TRUECOS,gruposigfredo@lostruecos.com
FINCA MARINA,info@fincamarina.com
FINCA MIRALCAMPO Y EL LAGAR,empresas@eventosjfk.com
FINCA MONTE ALEGRE,eventos@montedelaguila.com
FINCA NA SET CENTES,finca@nasetcentes.com
FINCA PALOVERDE,info@fincapaloverde.com
FINCA PRATS HOTEL GOLF Y SPA,business@fincaprats.com
FINCA RURAL LOS GALLOS,info@alojamientolosgallos.com
FINCA SA VALL DE SON MACIA,info@savalldesonmacia.com
FINCA SAN JUAN,info1@finca-san-juan.com
FINCA SANTA MARTA,henri@facilnet.es
FINCA SON AMORA,info@sonamora.com
FINCA TAGAMANET,info@tagamanent.net
FINCA VINA SON ARTUGUES GRAN,info@sonartigues.com
FINCAS EL SECANET,fincaelsecanet@fincaelsecanet.com
FINCASAS,immofincasas@telefonica.net
FINCAZAMORA.COM,info@fincazamora.com
FINCOMING TRAVEL SERVICE- S.L.,info@fincoming.com
FINISTERRE- S.A.,hotel@hesperia-finisterre.com
FINNEGAN´S OF DUBLIN,finnegansofdublin@gmail.com
FINPLUS,tarcredit@fiat.com
FINQUES BALLESTA LLINAS -A.P.I.,ballesal@grn.es
FINTER VIATGES- S.A.,finter@finter.es
FLAG BEACH WINDSURF CENTER,info@islandboarderssurfschool.com
FLAMENCO EXPORT- S.L.,flamencoexport@flamencoexport.com
FLAMINGOS GOLF CLUB,info@flamingos-golf.com
FLANDRIA INTERNACIONAL TRAVEL- S.A.,fitsa@fitsa.net
FLATIRON RESTAURANTE,restflatiron@yahoo.com
FLATOTEL APARTAMENTOS,info@flatotelcostadelsol.com
FLISA HUELVA,huelva.flisa@fundaciononce.es
FLORA MAR APARTHOTEL,floramar@comitashotels.com
FLORENCE RAYMONDE CHAMPEY GARCIA,yohangarcia13@hotmail.com
FLORIDA PARK,floridapark@floridapark.net
FLOS HABITATGE- S.L.,agencia@floshabitatge.com
FLUDET- S.A.,booking@hotelolympuspalace.com
FOGON DEL SALVADOR,asador@fogonsalvador.com
FOLIES VACANCES,info@viamar-ibiza.com
FOMENTO DEL TURISMO DE MENORCA,fomento@infotelecom.es
FOMENTO HOTELERO ARAGONES- S.A.,fomento@fomentohotelero.es
FOMEXTUR- S.A.,fomextur@telefonica.net
FONDA CANER,info@fondacaner.com
FONDA DEL NASTASI,nastasirestaurants@nastasirestaurants.com
FONDA MONTAÑA,perepalacin62@gmail.com
FONDA NEUS,fondaneus@hotmail.com
FONDA SALA,info@fondasala.com
FONDA SPORT,fondasport@fondasport.net
FONDESE- S.L.,comercial@ciutathotels.com
FONFONE- S.C.P.,vuelveelheavy@hotmail.com
FONT DE GENIL,info@fontdelgenil.com
FONT FREDA,informacio@campingfontfreda.com
FONT MAJOR,info@fontmajor.com
FONTDEMORA,jfmf@tinet.org
FONTI NOGUE,fontinugue@grn.es
FOOTBALL AND MUSIC EVENTS SERVICES,info@football-and-music.com
FOR OCIO- S.L.,info@forocio.com
FORACORDA- S.L.,foracorda@foracorda.com
FORCANADA,info@campingforcanada.com
FORESET,jventura@apabcn.cat
FORMOTOR,rent@formotor.com
FORMULA 98 AGENCIA DE VIAJES- S.A.,informacion@grupoairmet.com
FORN DE SERRA,casaserra@yahoo.es
FORN DELS TOSSUTS,info@forndelstossuts.com
FORNDELPASSEIG,forndelpasseig@forndelpasseig.com
FORTE MALLORCA- S.A.,comercial@hotelesglobales.com
FORUM CELTICUM- S.L.,forum@forumcelticum.com
FOSTER´S HOLLYWOOD,fhtrescantos@telefonica.net
FOUR DIMENSIONS,fourdimensions@fourdimensions.es
FOX STEPHEN WILLIAM,menocars@infotelecom.es
FRAM & CORPORACION HOSTELERA- S.L.,franquicias@franminibar.es
FRAMURO GROUP- S.L.,bangaloo.conta@gmail.com
FRANAN,franan@arrakis.es
FRANCA S,info@campingfrancas.net
FRANECRI- S.L.,bodegacortijo@losportales.com
FRATELLI LA BUFALA,press@aqquazone.it
FRED OLSEN- S.A.,reservas@fredolsen.es
FREESTANZA,info@freestanza.com
FRESCCO,jbeltranbistuer@gmail.com
FRESNEDA JIMENO JOSE ANTONIO,vamoschaval@hotmail.com
FRIENDLY RENTALS- S.L.,info@friendlyrentals.com
FRONTIA- S.A.,admon@frontia.com
FUENTE DEL GAMELLON,pedro@fuentedelgamellon.com
FUERTEHOTELES- S.L.,comercial@fuertehoteles.com
FUERTEVENTURA GOLF RESORT,reservasgolf@anjoca.com
FUERTEVENTURA TRAVEL- S.L.,fue.travel@turinet.net
FUN Y QUADS,fun@funquads.com
FUNDACIO FUTUR (LA CUINA-CATERING),futur@fundaciofutur.org
FUNDACION FRANCISCO GODIA,info@fundacionfgodia.org
FUNNY & FANNY,funnyandfanny@gmail.com
FURGO CAR- S.A.,furgocar@alquilersinconductor.com
FURGONETAS DE ALQUILER DEL PRINCIPADO- S.L.,info@fualp.com
FURITRAVEL,furitravel@furitravel.com
FÙSIO CATERING,comercial@fusiocatering.com
G.S.M. HOTELES- S.A.,gsmhoteles@gsmhoteles.es
G.S.M. HOTELES- S.A.,gsmhoteles.bcn@gsmhoteles.es
G.V.G.T. ASOCIADOS- S.L.,correo@sercotel.es
GA GU- C.B.,wido_@hotmail.com
GABINETE DE FOMENTO TURISTICO- S.A.L.,agencia@viajesbohemia.com
GABINETE DE VIAJES,gabineteviajes@infonegocio.com
GABRIEL CABRERA ( EU CENTRO ),eucentro@telefonica.net
GACAMAR- S.A.,info@louxolatoja.com 
GACELA BUS- S.L.,gacelagracia@edeniaviajes.com
GAGO Y PARDO- S.L.,casapardo@casapardo-domus.com
GAIZKA PARCHA DE LA HOZ Y RODRIGO EUGENIO ANDAUR,ayalacafe@hotmail.com
GALBANOX- S.L.,galbanox@wanadoo.es
GALDAKAR,bilboautorenting@euskalnet.net
GALHOTEL,galhotel@galhotel.com
GALICIA,hostalgalicia@msn.com
GALICIA EXPRESS- S.A.,galiciaexpress@grupoairmet.com
GALICIAN COUNTRY HOMES,info@galicianrustic.com
GALLERY CENTER- S.A.,comercial@galleryhoteles.com
GAMBRINUS,arteytemperatura@gmail.com
GAMINIZ JATETXEA,gaminiz@euskalnet.net
GAMMA TOURS- S.A.,info@gammatours.com
GAMVIK RESTAURANT,gamvikrestaurant@yahoo.es
GANDIA TRAVEL,joan@gandiatravel.com
GANESHA TRAVEL- S.L.,ganesha@ganesha-travel.com
GANGARAN DADLANI MANUEL KUMAR,oficina@grupolanis.com
GAONERA,jgaonera@jgaonera.com
GARCIA RICO JUAN ALFONSO,info@vistahermosaclubdegolf.com
GARCIA SANCHEZ JUAN VICTOR,info@dotsytoo.com
GARCIAS SALVA- S.A.,reservas@hotelplayagolf.com
GAREUS HOTEL,gareus@hotelgareus.com
GARMENDIA CATERING,info@garmendiacatering.com
GARRIDO SIRVENT,garridosirvent@hotmail.com
GASTHOF- S.A.,oficinas@gasthof.es
GASTRO-LUNCH,clientes@gastrolunch.es
GASTRONOFESA CATERING GROUPS,gastronosfera@gmail.com
GASTRONOMIA VASCA- S.A.,gastrobaska@gastrobaska.com
GASTRONOMIA Y MONTAÑA- S.L.,morella@casaroque.com
GASTRONOMIC- S.A.,hoycosa@hoycosa.es
GATZARA- S.L.,info@clubzoreks.com 
GAUDI I BARCELONA TOURS- S.L.,giralt@gaudiclub.com
GAVI RENT A CAR,carmovil@tinet.fut.es
GAZTELUBIDE,informacion@gaztelubide.com
GCAR ALQUILER DE VEHICULOS,info@gedesel.com
GELATS I TORRONS LLORENS,gelatsiturronsllorens@telefonica.net
GELMA JIMENEZ- S.L.,alcobendas@viajesecuador.net
GEN TOUR,gentour.viajes@grupostar.com
GENERATION-QUAD,generationquad@telefonica.net
GENIL DES DE 1971,genil@genil.es
GENTE VIAJERA,info@genteviajera.com
GEONA TUR- C.B.,info@geonatur.es
GESARTUR- SERVICIOS CULTURALES Y TURISTICOS,info@gesartur.com
GESTION DE ALOJAMIENTOS,info@gestiondealojamientos.com
GESTION HOSTELERIA,central@gestionhosteleria.com
GESTION HOTELERA HISPANIA- S.A.,pdiez@cirsa.com
GESTION MARITIMA SUROESTE- S.L.,sudoeste@sudoeste.info
GESTION Y EXPLOTACION DE RESTAURANTES- S.L.,reservas@abades.com
GESTION Y EXPLOTACION HOTELERA- S.A.,torredorada@servigroup.es
GESTIONES DEPORTIVAS BANINSUR- S.L.,info@baninsur.com
GESTIONES LOGIST. DE ESTRATEGIAS COMERCIALES- S.L.,imaginalia.gestiones@gmail.com
GESTIPALS,alquipals@telefonica.net
GESTORA HOTELERA GARGALLO- S.A.,reserve@gargallo-hotels.com
GEVEX TRAVEL- S.L.,info@gevextravel.com
GEYSER APARTAMENTOS,geyser@inicia.es
GIBERT,ap.gibert@infonegocio.com
GILBERT MELISSA DIANA,fivestarincentives@infonegocio.com
GIMNAS HOTEL EUROSTARS PARC VALLES,comunicacion@grupoacorde.es
GIPUZKOA TOUR- S.L.,guitour@ibercom.com
GIRAMON- S.A.,central@giramon.com
GIRONA CONVENTION BUREAU,ccggcb@cambrescat.es
GIRONELLA,informacio@campinggironella.com
GIUSEPPE RICCI,info@heladeriaricci.com
GL EVENTS CCIB- S.L.,ccib@ccib.es
GLOBAL CAMP FERNANDEZ PEREZ Y GARCIA- S.L.L.,global@globalcamp.net
GLOBAL REPRESENTACION TURISTICA- S.L.,info@grt.es
GLOBAL SPORTS EVENTS- S.L.,german@myesoccer.com
GLOBAL VIP CATERING,elegantgrup@gmail.com
GLOBO BALEAR,sales@piratesadventure.com
GLOBOS VIENTO ZERO,info@globosvientozero.com
GLOBUBOLG,globubolg@globubolg.com
GLORIA PALACE AMADORES,info.amadores@gloriapalaceth.com
GLORIMAR- S.L.,antonio@labastilla.com
GMM CONSULTORES TURISTICOS- S.L.,gmm@gmm.es
GO KARTS ORIHUELA COSTA,correo@gokartsorihuelacosta.com
GOCO TOUR AUTOCARES,gocotour@gocotour.com
GOES TRAVEL CONSULTANTS- S.L.,sandra@goestravel.com
GOIEGI JATETXEA - RESTAURANTE,goiegi@goiegi.com
GOLF & COUNTRY CLUB PANORAMICA,reservas@panoramicaclubdegolf.com
GOLF ALTORREAL,direccion@golfaltorreal.es
GOLF BEACH,info@aparthotelgolfbeach.com
GOLF CAMPO DE LAYOS,golflayos@telefonica.net
GOLF CAN CUYAS,info@cancuyasgolf.com
GOLF COSTA BRAVA,hotel@hotelgolf.biz
GOLF COSTA TEGUISE,info@lanzarote-golf.com
GOLF D´ARO,info@golfdaro.com
GOLF DE IBIZA,info@golfibiza.com
GOLF DUNAS DE DOÑANA,info@golfdunasdedonana.com
GOLF EL PUERTO,info@golfelpuerto.com
GOLF EN MALLORCA,info@golfenmallorca.com
GOLF GORRAIZ- S.A.,gerente@golfgorraiz.com
GOLF LA MORALEJA- S.A.,administracion@golflamoraleja.com
GOLF LAS AMERICAS,info@golf-tenerife.com
GOLF LOS LAGOS,info@golfloslagos.com
GOLF MEIS - FUNDACION MONTE CASTROVE,administracion@campodegolfmeis.com
GOLF MELIA SANCTI PETRI,melia.sancti.petri@solmelia.com
GOLF NOVO SANCTI PETRI,sales@golf-novosancti.es
GOLF P&P SIERRA CORTINA FINESTRAT,pitchandputt@sierracortinaresort.com
GOLF PARK ENTERTAINMENT- S.A.,golfpark@golfpark.es
GOLF PLAYA DE PALS,recep@golfplatjadepals.com
GOLF PLAZA RESORT,reservas@golfplazaresort.com
GOLF S´ESTANYOL DE PUNTIRO,infopuntiro@golfparkmallorca.com
GOLF SON PARC MENORCA,info@golfsonparc.com
GOLF SON SERVERA,cgss@calamillor.com
GONZALEZ GONZALEZ RAQUEL,ludotecajauja@yahoo.es
GONZALEZ MARTIN RAFAEL,info@sayra-armenta.com
GORILLA TRIP,agus@gorilla-trip.com
GOURMAND BREAKS- S.L.,info@gourmandbreaks.com
GRACIOSA FISHING RESORT,matias@avalonfishingcenter.com
GRAN CAFE DE GIJON,gregorio@cafegijon.e.telefonica.net
GRAN CAFE VICTORIA,info@grancafevictoria.com
GRAN CANARIA RURAL- S.L.,info@grancanariarural.com
GRAN CASINO DE JUEGO DE CEUTA- S.A.,casinoceuta@hotmail.com
GRAN CASINO DE LAS PALMAS- S.A.,casino@casinolaspalmas.com
GRAN CASINO ONLINE,elgrancasino@gmail.com
GRAN HOTEL APARTAMENTOS PARAISO,info@hotelparaiso.net
GRAN HOTEL BARCINO,comercial@gargallo-hotels.com
GRAN HOTEL BENAHAVIS,info@granhotelbenahavis.com
GRAN HOTEL CIUDAD BARBASTRO,granhotelbarbastro@grupo7.com
GRAN HOTEL CONDE DUQUE- S.A.,condeduque@hotelcondeduque.es
GRAN HOTEL DEL COTO,reservas@granhoteldelcoto.com
GRAN HOTEL DEL SELLA,info@granhoteldelsella.com
GRAN HOTEL DELFIN,info@granhoteldelfin.com
GRAN HOTEL DOMINE BILBAO,ghdb@granhoteldominebilbao.com
GRAN HOTEL DURANGO,reservas@granhoteldurango.com
GRAN HOTEL ELBA MOTRIL,ghemotril@hoteleselba.com
GRAN HOTEL ERCILLA- S.A.,ercilla@hotelercilla.es
GRAN HOTEL JOVELLANOS,granhoteljovellanos@granhoteljovellanos.net
GRAN HOTEL LA FLORIDA- S.L.,info@hotellaflorida.com
GRAN HOTEL PANDORADO,info@hotelpandorado.com
GRAN HOTEL PUENTE VIESGO,info@balneariodepuenteviesgo.com
GRAN HOTEL REY DON JAIME,donjaime@grup-soteras.com
GRAN HOTEL SOLLER,info@granhotelsoller.com
GRAN HOTEL SPA,info@granhotelspa.com
GRAN HOTEL VECINDARIO AEROPUERTO,hvaeropuerto@anjoca.com
GRAN HOTEL VELAZQUEZ,velazquez@chh.es
GRAN HOTEL VERDI,verdi@hoteles-catalonia.es
GRAN HOTEL VICTORIA,info@granhotelvictoria.com
GRAN HOTEL VICTORIA,info@ghvictoria.com
GRAN MOLINO REAL- S.L.,info@molinoreal.es
GRAN TALASO HOTEL SANXENXO,reservas@hotelsanxenxo.com
GRAN TURISMO RIOJA,jaime@granturismorioja.com
GRAND HOTEL ANTHELIA PARK,grand.hotel.anthelia@iberostar.com
GRAND HOTEL DON GREGORIO,info@hoteldongregorio.com
GRAND HOTEL RESIDENCIA,info@grand-hotel-residencia.com
GRANER DEL GOL,residencia@eracalgol.com
GRANGES DE CAL BARBER,info@grangesbarber.cat
GRANIZADOS LUCAS,correo@granizadoslucas.com
GRAO MAR VIATGES- S.L.,viatgeslillamar@hotmail.com
GRASS ROOTS,infospain@grg.com
GRECOTOUR,viajes@grecotour.es
GREEN AEROSTACION- S.L.,soporte@islaweb.com
GREEN PADDOCK,info@greenpaddock.com
GREENLIFE GOLF CLUB,greenlife@greenlife-estates.com
GREGORIO ENDRINO MOLINA,info@fincalacelada.es
GRETUR VIAJES,semgretur@gmail.com
GRIJOTA GOLF,info@grijotagolf.com
GRIMO 3113- S.L.,info@toletvm.es
GRIS EXPRES VIATGES- S.L.,tarrega@gris-expres.com
GROP'S LOUNGE- C.B.,gropslounge@hotmail.es
GROUP CAL BLAY,calblay@calblay.com
GRUBARGES INVERSION HOTELERA- S.L.,a.benito@barcelo.com
GRUMER CATERING,grumer@grumer.es
GRUP D'EMPRESARIS TURISTICS OVER- S.A.,over@over.es
GRUP D'ESPLAI EL CASTANYOT,castanyo@esplai.org
GRUP LIMOUSINES,correo@gruplimousines.com
GRUP M A- S.L.,info@matasarnalot.com
GRUP PAPITUS I FILLS,info@paellas-papitu.com
